name,age,salary
Person001 Last001,60,44592
Person002 Last002,21,127196
Person003 Last003,37,62098
Person004 Last004,34,48289
Person005 Last005,26,118696
Person006 Last006,54,41395
Person007 Last007,57,85302
Person008 Last008,22,33905
Person009 Last009,25,58657
Person010 Last010,34,96237
Person011 Last011,58,33478
Person012 Last012,55,56062
Person013 Last013,65,115181
Person014 Last014,64,101426
Person015 Last015,46,58893
Person016 Last016,48,107236
Person017 Last017,37,136093
Person018 Last018,20,129458
Person019 Last019,30,121506
Person020 Last020,47,74597
Person021 Last021,37,50379
Person022 Last022,33,130072
Person023 Last023,41,43396
Person024 Last024,25,79797
Person025 Last025,26,77052
Person026 Last026,42,109131
Person027 Last027,36,135791
Person028 Last028,22,125647
Person029 Last029,49,100284
Person030 Last030,27,79615
Person031 Last031,25,102357
Person032 Last032,38,138711
Person033 Last033,60,111070
Person034 Last034,43,105674
Person035 Last035,32,122349
Person036 Last036,24,36006
Person037 Last037,62,59871
Person038 Last038,38,40458
Person039 Last039,34,143571
Person040 Last040,26,79823
Person041 Last041,37,89429
Person042 Last042,60,139328
Person043 Last043,43,51319
Person044 Last044,43,76566
Person045 Last045,33,117841
Person046 Last046,37,121988
Person047 Last047,63,114939
Person048 Last048,24,109840
Person049 Last049,60,52431
Person050 Last050,54,125568
Person051 Last051,35,51417
Person052 Last052,49,79735
Person053 Last053,37,113886
Person054 Last054,64,103000
Person055 Last055,34,119733
Person056 Last056,40,140474
Person057 Last057,23,60021
Person058 Last058,22,135518
Person059 Last059,40,82581
Person060 Last060,37,38675
Person061 Last061,33,149686
Person062 Last062,56,144867
Person063 Last063,65,71245
Person064 Last064,33,115909
Person065 Last065,51,81856
Person066 Last066,61,90142
Person067 Last067,29,64718
Person068 Last068,28,62325
Person069 Last069,55,100644
Person070 Last070,36,127912
Person071 Last071,57,86155
Person072 Last072,57,82350
Person073 Last073,43,58746
Person074 Last074,28,96784
Person075 Last075,51,41915
Person076 Last076,23,142866
Person077 Last077,27,50033
Person078 Last078,60,50969
Person079 Last079,63,85333
Person080 Last080,58,38326
Person081 Last081,44,80019
Person082 Last082,58,91348
Person083 Last083,53,62953
Person084 Last084,55,142824
Person085 Last085,20,119166
Person086 Last086,27,119353
Person087 Last087,54,128419
Person088 Last088,37,130741
Person089 Last089,61,74587
Person090 Last090,27,68469
Person091 Last091,47,50730
Person092 Last092,49,30425
Person093 Last093,36,95612
Person094 Last094,31,96542
Person095 Last095,26,144100
Person096 Last096,60,69117
Person097 Last097,60,96540
Person098 Last098,58,56071
Person099 Last099,29,79009
Person100 Last100,30,100697
